epoch,train_success,test_success
0,0.13,0.13
1,0.10333333333333333,0.13666666666666666
2,0.14,0.1
3,0.08666666666666667,0.09666666666666666
