epoch,train_success,test_success
0,0.43666666666666665,0.4033333333333333
1,0.45,0.45666666666666667
2,0.47333333333333333,0.42
3,0.4166666666666667,0.41
