epoch,train_success,test_success
0,0.37666666666666665,0.39666666666666667
1,0.45666666666666667,0.44333333333333336
