epoch,train_success,test_success
0,0.37666666666666665,0.39666666666666667
1,0.45666666666666667,0.44333333333333336
2,0.44333333333333336,0.38333333333333336
3,0.41,0.43333333333333335
