epoch,train_success,test_success
0,0.4,0.38666666666666666
1,0.44666666666666666,0.45666666666666667
2,0.44666666666666666,0.43
